{
    "summary": {
        "ttft": {
            "count": 120.0,
            "mean": 0.03233542243639628,
            "std": 0.02919783566448127,
            "min": 0.019188404083251953,
            "25%": 0.02284717559814453,
            "50%": 0.027544736862182617,
            "75%": 0.03312647342681885,
            "99%": 0.07182656288146975,
            "max": 0.3319666385650635
        },
        "tpot": {
            "count": 36626.0,
            "mean": 0.008848540527624129,
            "std": 0.003840694017376209,
            "min": 0.00028133392333984375,
            "25%": 0.007960081100463867,
            "50%": 0.008060932159423828,
            "75%": 0.00828331708908081,
            "99%": 0.024536728858947754,
            "max": 0.2946162223815918
        }
    }
}