{
    "summary": {
        "ttft": {
            "count": 120.0,
            "mean": 0.04000773628552755,
            "std": 0.04089997937395662,
            "min": 0.019035816192626953,
            "25%": 0.02685302495956421,
            "50%": 0.03271043300628662,
            "75%": 0.04048842191696167,
            "99%": 0.24832917690277145,
            "max": 0.3822348117828369
        },
        "tpot": {
            "count": 39021.0,
            "mean": 0.011714471907591343,
            "std": 0.006759448154728476,
            "min": 0.0030663013458251953,
            "25%": 0.008116483688354492,
            "50%": 0.012188196182250977,
            "75%": 0.012958765029907227,
            "99%": 0.03328051567077637,
            "max": 0.6484558582305908
        }
    }
}