{
    "summary": {
        "ttft": {
            "count": 120.0,
            "mean": 0.027239030599594115,
            "std": 0.028321820151724894,
            "min": 0.017534732818603516,
            "25%": 0.02267634868621826,
            "50%": 0.02348017692565918,
            "75%": 0.02773118019104004,
            "99%": 0.04915354013442996,
            "max": 0.331545352935791
        },
        "tpot": {
            "count": 39776.0,
            "mean": 0.006547467496878469,
            "std": 0.0017556286341498181,
            "min": 0.0003390312194824219,
            "25%": 0.006348133087158203,
            "50%": 0.006450176239013672,
            "75%": 0.006565093994140625,
            "99%": 0.013730108737945557,
            "max": 0.2177882194519043
        }
    }
}